MATH201,Discrete Mathematics,,
CSCI300,Introduction to Algorithms,CSCI200,MATH201
CSCI350,Operating Systems,CSCI300,
CSCI101,Introduction to Programming in C++,CSCI100,
CSCI100,Introduction to Computer Science,,
CSCI301,Advanced Programming in C++,CSCI101,
CSCI400,Large Software Development,CSCI301,CSCI350
CSCI200,Data Structures,CSCI101,
MATH100,Calculus I,,
MATH101,Calculus II,MATH100,
MATH200,Linear Algebra,MATH101,
MATH300,Probability and Statistics,MATH101,
MATH401,Abstract Algebra,MATH200,MATH201
MATH310,Numerical Analysis,MATH200,CSCI101
MATH420,Complex Variables,MATH101,
CSCI150,Web Development Fundamentals,CSCI100,
CSCI250,User Interface Design,CSCI150,
CSCI355,Distributed Systems,CSCI350,
CSCI405,Parallel Computing,CSCI300,CSCI350
CSCI210,Computer Architecture,CSCI101,
CSCI310,Assembly Language Programming,CSCI210,
CSCI410,Embedded Systems,CSCI210,CSCI350
CSCI320,Database Management Systems,CSCI200,
CSCI420,Advanced Database Systems,CSCI320,
CSCI330,Introduction to Networking,CSCI210,
CSCI430,Network Protocols and Routing,CSCI330,
CSCI260,Software Engineering Foundations,CSCI101,
CSCI360,Object-Oriented Design,CSCI260,CSCI200
CSCI460,Software Architecture and Patterns,CSCI360,
CSCI465,DevOps and Cloud Deployment,CSCI350,CSCI330
CSCI270,Introduction to Mobile App Development,CSCI101,
CSCI370,Advanced iOS Development,CSCI270,
CSCI375,Advanced Android Development,CSCI270,
CSCI340,Artificial Intelligence,CSCI200,MATH201
CSCI440,Machine Learning,CSCI340,MATH300
CSCI445,Deep Learning and Neural Networks,CSCI440,
CSCI342,Natural Language Processing,CSCI340,
CSCI447,Computer Vision,CSCI340,MATH200
CSCI380,Computer Graphics,CSCI200,MATH200
CSCI480,Game Engine Architecture,CSCI380,CSCI350
CSCI490,Senior Capstone Project I,CSCI400,
CSCI491,Senior Capstone Project II,CSCI490,
CYBR100,Introduction to Cybersecurity,,
CYBR200,Network Security,CYBR100,CSCI330
CYBR300,Cryptography and Cryptanalysis,CYBR100,MATH201
CYBR310,Ethical Hacking and Penetration Testing,CYBR200,
CYBR320,Digital Forensics and Incident Response,CYBR100,
CYBR400,Secure Software Engineering,CYBR100,CSCI260
CYBR410,Cloud Security Architecture,CYBR200,CSCI465
CYBR420,Cyber Warfare and Threat Intelligence,CYBR310,
DATA100,Introduction to Data Science,,
DATA200,Data Ingestion and Wrangling,DATA100,CSCI101
DATA300,Exploratory Data Analysis,DATA200,MATH300
DATA310,Big Data Analytics Platforms,CSCI320,DATA200
DATA400,Data Visualization Technologies,DATA100,CSCI150
DATA410,Predictive Modeling,DATA300,CSCI440
DATA420,Data Science Strategy and Ethics,DATA100,
CIS110,Business Information Systems,,
CIS210,Systems Analysis and Design,CIS110,
CIS310,Project Management for IT,CIS210,
CIS320,Enterprise Resource Planning,CIS110,
CIS410,IT Governance and Compliance,CIS310,
MATH250,Differential Equations,MATH101,
MATH350,Operations Research,MATH200,MATH300
MATH450,Mathematical Modeling,MATH250,CSCI101
CSCI102,Introduction to Programming in Python,CSCI100,
CSCI202,Intermediate Data Structures in Python,CSCI102,
CSCI322,NoSQL Databases,CSCI320,
CSCI432,Wireless Network Security,CSCI330,CYBR200
CSCI345,Bioinformatics Computing,CSCI200,DATA100
CSCI415,Compiler Design,CSCI300,CSCI210
CSCI425,Data Mining Principles,CSCI320,MATH300
CSCI305,Functional Programming,CSCI200,
CSCI455,Virtualization and Hypervisors,CSCI350,
CYBR330,Application Security Assessments,CYBR200,
CYBR430,Identity and Access Management,CYBR100,
DATA320,Time Series Analysis,DATA300,MATH250
DATA430,Reinforcement Learning,CSCI440,
CIS220,E-Commerce Architecture,CSCI150,CIS110
CIS330,Business Intelligence Systems,CSCI320,CIS110
CIS420,Information Technology Audit,CIS410,
MATH205,Foundations of Geometry,MATH201,
MATH315,Number Theory,MATH201,
MATH415,Topology Fundamentals,MATH401,
CSCI280,Introduction to Unix/Linux Systems,CSCI100,
CSCI385,Shell Scripting and Automation,CSCI280,
CSCI485,System Administration Enterprise,CSCI385,CSCI350
CYBR250,Linux System Hardening,CYBR100,CSCI280
CYBR350,Windows Enterprise Hardening,CYBR100,
CYBR450,Security Operations Center Management,CYBR310,CYBR320
DATA250,Statistical Programming in R,MATH300,
DATA350,Data Pipelines and ETL,DATA310,
DATA450,Natural Language Engineering,DATA350,CSCI342
CIS240,Cloud Computing Concepts,,
CIS340,Virtual Desktop Infrastructures,CIS240,CSCI280
CIS440,Disaster Recovery Planning,CIS310,
CSCI499,Special Topics in Computer Science,CSCI300,
CYBR499,Special Topics in Cybersecurity,CYBR310,
DATA499,Special Topics in Data Science,DATA300,
ENGL201,Creative Writing Foundations,ENGL100,
ENGL300,Advanced Fiction Workshop,ENGL201,
LIT210,Shakespeare: The Early Plays,LIT100,
LIT350,Postcolonial Literature,LIT200,LIT250
ENGL101,Composition and Rhetoric II,ENGL100,
ENGL100,Composition and Rhetoric I,,
LIT100,Introduction to Literary Studies,,
LIT200,Survey of British Literature,LIT100,
ART100,Introduction to Visual Arts,,
ART201,Drawing Fundamentals,ART100,
ART301,Advanced Figure Drawing,ART201,
ARTH100,History of Western Art I,,
ARTH101,History of Western Art II,ARTH100,
ARTH320,Renaissance Art in Italy,ARTH101,
ARTH410,Modern and Contemporary Art,ARTH101,
HIST100,Western Civilization I,,
HIST101,Western Civilization II,HIST100,
HIST201,United States History to 1877,,
HIST202,United States History since 1877,HIST201,
HIST310,The French Revolution and Napoleon,HIST101,
PHIL100,Introduction to Philosophy,,
PHIL101,Introduction to Logic,,
PHIL200,Ancient Greek Philosophy,PHIL100,
PHIL310,Ethics in the Modern World,PHIL100,
PHIL405,Epistemology Seminar,PHIL200,PHIL101
MUSC100,Music Appreciation,,
MUSC101,Music Theory I,MUSC100,
MUSC201,Music Theory II,MUSC101,
MUSC310,History of Jazz,MUSC100,
THEA100,Introduction to Theater,,
THEA200,Acting I,THEA100,
THEA300,Directing Foundations,THEA200,
ENGL202,Creative Nonfiction,ENGL100,
ENGL302,Advanced Poetry Workshop,ENGL201,
LIT220,American Literature to 1865,LIT100,
LIT221,American Literature since 1865,LIT220,
LIT310,The Gothic Novel,LIT200,
LIT400,Literary Theory and Criticism,LIT200,LIT221
ART202,Painting I,ART100,
ART302,Painting II,ART202,
ART205,Sculpture Foundations,ART100,
ART305,Advanced Sculpture,ART205,
ARTH200,Art of Asia,,
ARTH340,Baroque Art and Architecture,ARTH101,
ARTH450,Art Museum Studies and Curating,ARTH410,
HIST210,History of East Asia,,
HIST320,Imperial Russian History,HIST101,
HIST350,The American Civil War,HIST201,
HIST400,Historical Research Methods,HIST202,
PHIL202,17th and 18th Century Philosophy,PHIL100,
PHIL320,Existentialism,PHIL200,
PHIL420,Philosophy of Language,PHIL405,
MUSC105,Class Piano I,,
MUSC106,Class Piano II,MUSC105,
MUSC300,History of Western Music I,MUSC201,
MUSC301,History of Western Music II,MUSC300,
THEA210,Stagecraft and Design,THEA100,
THEA350,History of World Theater,THEA100,
ENGL305,Screenwriting Basics,ENGL201,
ENGL405,Advanced Screenwriting,ENGL305,
LIT230,Introduction to World Literature,LIT100,
LIT330,Contemporary Global Fiction,LIT230,
LIT360,Women in Literature,LIT100,
LIT450,Major Authors Seminar,LIT400,
ART210,Printmaking Fundamentals,ART100,
ART310,Advanced Printmaking,ART210,
ART220,Photography I,,
ART320,Digital Photography,ART220,
ARTH220,African Art and Diaspora,,
ARTH360,Native American Art Histories,ART100,
HIST220,History of Latin America,,
HIST330,Twentieth-Century Europe,HIST101,
HIST360,African American History,HIST201,
HIST450,Senior Thesis in History,HIST400,
PHIL250,Environmental Ethics,PHIL100,
PHIL340,Political Philosophy,PHIL202,
PHIL450,Metaphysics Seminar,PHIL200,
MUSC210,Choral Conducting,MUSC201,
MUSC320,Orchestration,MUSC201,
THEA400,Advanced Acting Styles,THEA200,
ENGL499,Senior Portfolio in Creative Writing,ENGL300,ENGL302
LIT499,Senior Seminar in English Literature,LIT400,
ART499,BFA Studio Art Capstone,ART301,ART302
ARTH499,Art History Capstone Thesis,ARTH410,
HIST499,History Capstone Seminar,HIST400,
PHIL499,Philosophy Senior Capstone,PHIL405,
MUSC499,Senior Music Recital and Thesis,MUSC301,
THEA499,Theater Production Capstone,THEA300,
COMM100,Introduction to Mass Communication,,
COMM200,Public Speaking Foundations,,
COMM210,Journalism Writing,ENGL100,
COMM300,Media Law and Ethics,COMM100,
COMM320,Feature Writing and Reporting,COMM210,
COMM400,Public Relations Campaigns,COMM200,
ANTH100,Introduction to Cultural Anthropology,,
ANTH200,Archaeology Method and Theory,ANTH100,
ANTH310,Indigenous Cultures of North America,ANTH100,
ANTH400,Anthropological Theory,ANTH100,
SOC100,Introduction to Sociology,,
SOC200,Social Problems,SOC100,
SOC300,Classical Sociological Theory,SOC100,
SOC400,Research Methods in Sociology,SOC300,
PSYC100,Introduction to Psychology,,
PSYC200,Developmental Psychology,PSYC100,
PSYC300,Cognitive Psychology,PSYC100,
PSYC400,Abnormal Psychology,PSYC100,
POLI100,Introduction to Political Science,,
POLI200,American Government,POLI100,
POLI300,International Relations,POLI100,
POLI400,Modern Political Thought,POLI100,
GEOG100,Introduction to Human Geography,,
GEOG200,World Regional Geography,GEOG100,
GEOG310,Cultural Geography,GEOG100,
HUM100,Introduction to the Humanities,,
HUM200,Mythology and Folklore,HUM100,
HUM300,Gender and Culture,HUM100,
LANG100,Beginning Spanish I,,
LANG101,Beginning Spanish II,LANG100,
LANG200,Intermediate Spanish I,LANG101,
LANG201,Intermediate Spanish II,LANG200,
LANG300,Advanced Spanish Composition,LANG201,
LANG310,Introduction to Spanish Literature,LANG201,
FREN100,Beginning French I,,
FREN101,Beginning French II,FREN100,
FREN200,Intermediate French I,FREN101,
FREN201,Intermediate French II,FREN200,
FREN300,Advanced French Conversation,FREN201,
CRWT200,Introduction to Memoir,ENGL100,
CRWT300,Flash Fiction Workshop,ENGL201,
LIT240,Introduction to Poetry,LIT100,
LIT345,Victorian Literature,LIT200,
LIT370,Science Fiction and Fantasy Literature,LIT100,
ART230,Ceramics I,ART100,
ART330,Ceramics II,ART230,
ART240,Graphic Design History,,
ART341,Typography Studio,ART240,
ARTH300,Ancient Egyptian Art,ARTH100,
ARTH315,Greek and Roman Art,ARTH100,
HIST230,History of the Middle East,,
HIST340,Modern China,HIST210,
HIST370,History of Science and Technology,,
PHIL205,Philosophy of Religion,PHIL100,
PHIL350,Aesthetics and Art Theory,PHIL100,ARTH100
PHIL430,Contemporary Continental Philosophy,PHIL320,
MUSC110,University Choir,,
MUSC220,Chamber Ensemble,MUSC101,
MUSC340,Audio Production Foundations,,
MUSC440,Advanced Audio Engineering,MUSC340,
THEA220,Costume Design Foundations,THEA100,
THEA320,Playwriting Studio,ENGL201,
COMM220,Interpersonal Communication,,
COMM340,Intercultural Communication,COMM220,
COMM420,Digital Media Strategy,COMM100,
ANTH220,Linguistic Anthropology,ANTH100,
ANTH330,Medical Anthropology,ANTH100,
SOC210,Sociology of the Family,SOC100,
SOC320,Race and Ethnic Relations,SOC100,
PSYC210,Social Psychology,PSYC100,
PSYC320,Psychological Testing and Measurement,PSYC100,
POLI210,Comparative Politics,POLI100,
POLI320,Constitutional Law,POLI200,
GEOG220,Economic Geography,GEOG100,
HUM220,Digital Humanities Foundations,,
LANG220,Spanish for Heritage Speakers,LANG101,
LANG400,Spanish Translation Studies,LANG300,
FREN310,Survey of French Literature,FREN201,
FREN400,Francophone Cultures,FREN300,
LIT260,Literature and Environment,LIT100,
LIT380,Studies in Graphic Narratives,LIT100,
ART260,Textile and Fiber Arts,ART100,
ART360,Advanced Textile Design,ART260,
ARTH370,Mesoamerican Art and Architecture,,
HIST250,History of Africa,,
HIST380,Colonial America,HIST201,
PHIL220,Bioethics,PHIL100,
PHIL360,Philosophy of Science,PHIL101,
MUSC150,Beginning Guitar,,
MUSC250,Intermediate Guitar,MUSC150,
THEA230,Stage Makeup,THEA100,
THEA420,Advanced Playwriting,THEA320,
COMM250,Video Production I,,
COMM350,Video Production II,COMM250,
ANTH350,Visual Anthropology,ANTH100,
SOC250,Sociology of Deviance,SOC100,
PSYC250,Research Methods in Psychology,PSYC100,
PSYC350,Biopsychology,PSYC100,
POLI250,Public Policy Analysis,POLI100,
POLI350,Political Campaigning,POLI200,
HUM250,Introduction to Film Studies,,
HUM350,Advanced Film Theory,HUM250,